licensing_group,category,dc_group,sku,sku_name,calculator_label,usd_250,usd_500,usd_1000,usd_2000,usd_4000,usd_7000,usd_10000,usd_15000
Solution-based licensing,Security + RMM,All,SESDMSENS,Security + RMM - WL - Endpoint - Acronis Cyber Protect Cloud,"# Endpoint Security (Servers, VMs, Workstations)",2.8,2.6,2.29,1.99,1.65,1.58,1.5,1.47
Solution-based licensing,Security + RMM,All,SESEMSENS,Security + RMM - WL - Microsoft 365 seat - Acronis Cyber Protect Cloud,# Microsoft 365 Security,3.2,3.1,3.01,2.86,2.72,2.61,2.51,2.46
Solution-based licensing,Security + RMM,All,SESFMSENS,Security + RMM - WL - Google Workspace seat - Acronis Cyber Protect Cloud,# Google Workspace Security,2.4,2.33,2.26,2.15,2.04,1.96,1.88,1.84
Solution-based licensing,Backup and Disaster Recovery,G1,SBDAMSENS,BDR - WL - Server (3 TB of Acronis Hosted Storage included) - G1 - Acronis Cyber Protect Cloud,# BDR Server (3 TB of Acronis Hosted Storage included),65.0,60.45,55.61,50.05,46.05,44.21,42.0,41.16
Solution-based licensing,Backup and Disaster Recovery,G1,SBDBMSENS,BDR - WL - VM (2 TB of Acronis Hosted Storage included) - G1 - Acronis Cyber Protect Cloud,# BDR Virtual Machine (2 TB of Acronis Hosted Storage included),45.0,41.85,38.5,34.65,31.88,30.6,29.07,28.49
Solution-based licensing,Backup and Disaster Recovery,G1,SBDCMSENS,BDR - WL - Workstation (300 GB of Acronis Hosted Storage included) - G1 - Acronis Cyber Protect Cloud,# BDR Workstation (300 GB of Acronis Hosted Storage included),9.0,8.37,7.7,6.55,5.9,5.55,5.11,5.01
Solution-based licensing,Backup and Disaster Recovery,G1,SBDDMSENS,BDR - WL - Microsoft 365 seat (unlimited Acronis Hosted Cloud Storage included1) - G1 - Acronis Cyber Protect Cloud,# Microsoft 365 Backup + Archiving (unlimited Acronis Hosted Cloud Storage included*),3.0,2.85,2.65,2.39,2.2,2.11,2.03,1.99
Solution-based licensing,Backup and Disaster Recovery,G1,SBDEMSENS,BDR - WL - Google Workspace seat (unlimited Acronis Hosted Cloud Storage included1) - G1 - Acronis Cyber Protect Cloud,# Google Workspace Backup (unlimited Acronis Hosted Cloud Storage included*),2.4,2.28,2.12,1.91,1.76,1.69,1.62,1.59
Solution-based licensing,Backup and Disaster Recovery,G1,SBDGMSENS,BDR - WL - Mobile Backup (50 GB of Acronis Hosted Storage included) - G1 - Acronis Cyber Protect Cloud,# Mobile Backup (50 GB od Acronis Hosted Storage included),2.0,1.84,1.69,1.4,1.19,1.14,1.09,1.06
Solution-based licensing,Backup and Disaster Recovery,G2,SBDHMSENS,BDR - WL - Server (3 TB of Acronis Hosted Storage included) - G2 - Acronis Cyber Protect Cloud,# BDR Server (3 TB of Acronis Hosted Storage included),81.5,75.8,69.74,62.77,57.75,55.44,52.67,51.62
Solution-based licensing,Backup and Disaster Recovery,G2,SBDIMSENS,BDR - WL - VM (2 TB of Acronis Hosted Storage included) - G2 - Acronis Cyber Protect Cloud,# BDR Virtual Machine (2 TB of Acronis Hosted Storage included),56.5,52.55,48.35,43.52,40.04,38.44,36.52,35.79
Solution-based licensing,Backup and Disaster Recovery,G2,SBDJMSENS,BDR - WL - Workstation (300 GB of Acronis Hosted Storage included) - G2 - Acronis Cyber Protect Cloud,# BDR Workstation (300 GB of Acronis Hosted Storage included),11.3,10.51,9.67,8.51,7.74,7.28,6.84,6.7
Solution-based licensing,Backup and Disaster Recovery,G2,SBDKMSENS,BDR - WL - Microsoft 365 seat (unlimited Acronis Hosted Cloud Storage included1) - G2 - Acronis Cyber Protect Cloud,# Microsoft 365 Backup + Archiving (unlimited Acronis Hosted Cloud Storage included*),4.1,3.9,3.63,3.27,3.01,2.89,2.77,2.71
Solution-based licensing,Backup and Disaster Recovery,G2,SBDLMSENS,BDR - WL - Google Workspace seat (unlimited Acronis Hosted Cloud Storage included1) - G2 - Acronis Cyber Protect Cloud,# Google Workspace Backup (unlimited Acronis Hosted Cloud Storage included*),3.22,3.06,2.85,2.57,2.36,2.27,2.18,2.14
Solution-based licensing,Backup and Disaster Recovery,G2,SBDNMSENS,BDR - WL - Mobile Backup (50 GB of Acronis Hosted Storage included) - G2 - Acronis Cyber Protect Cloud,# Mobile Backup (50 GB od Acronis Hosted Storage included),2.3,2.12,1.95,1.62,1.38,1.32,1.27,1.23
Solution-based licensing,Ultimate Protection,G1,SUPCMSENS,Ultimate Protection - WL - Server (3 TB of Acronis Hosted Storage included) - G1 - Acronis Cyber Protect Cloud,# Ultimate Server (3 TB of Acronis Hosted Storage included),71.0,66.03,60.75,54.68,51.95,50.39,48.88,47.9
Solution-based licensing,Ultimate Protection,G1,SUPDMSENS,Ultimate Protection - WL - VM (2 TB of Acronis Hosted Storage included) - G1 - Acronis Cyber Protect Cloud,# Ultimate Virtual Machine (2 TB of Acronis Hosted Storage included),50.0,46.5,43.25,40.66,39.03,37.86,37.1,36.36
Solution-based licensing,Ultimate Protection,G1,SUPEMSENS,Ultimate Protection - WL - Workstation (300 GB of Acronis Hosted Storage included) - G1 - Acronis Cyber Protect Cloud,# Ultimate Workstation (300 GB of Acronis Hosted Storage included),13.5,12.56,11.56,10.17,9.25,8.7,8.18,8.02
Solution-based licensing,Ultimate Protection,G1,SUPFMSENS,Ultimate Protection - WL - Microsoft 365 seat (unlimited Acronis Hosted Cloud Storage included1) - G1 - Acronis Cyber Protect Cloud,# Ultimate Microsoft 365 (unlimited Acronis Hosted Cloud Storage included*),8.2,7.79,7.32,6.73,6.19,6.0,5.82,5.7
Solution-based licensing,Ultimate Protection,G1,SUPGMSENS,Ultimate Protection - WL - Google Workspace seat (unlimited Acronis Hosted Cloud Storage included1) - G1 - Acronis Cyber Protect Cloud,# Ultimate Google Workspace (unlimited Acronis Hosted Cloud Storage included*),4.5,4.28,4.02,3.7,3.4,3.3,3.2,3.14
Solution-based licensing,Ultimate Protection,G2,SUPHMSENS,Ultimate Protection - WL - Server (3 TB of Acronis Hosted Storage included) - G2 - Acronis Cyber Protect Cloud,# Ultimate Server (3 TB of Acronis Hosted Storage included),87.5,81.38,74.87,67.38,64.01,62.09,60.23,59.03
Solution-based licensing,Ultimate Protection,G2,SUPIMSENS,Ultimate Protection - WL - VM (2 TB of Acronis Hosted Storage included) - G2 - Acronis Cyber Protect Cloud,# Ultimate Virtual Machine (2 TB of Acronis Hosted Storage included),61.5,57.2,53.2,50.01,48.01,46.57,45.64,44.73
Solution-based licensing,Ultimate Protection,G2,SUPJMSENS,Ultimate Protection - WL - Workstation (300 GB of Acronis Hosted Storage included) - G2 - Acronis Cyber Protect Cloud,# Ultimate Workstation (300 GB of Acronis Hosted Storage included),16.2,15.07,13.86,12.2,11.1,10.43,9.8,9.6
Solution-based licensing,Ultimate Protection,G2,SUPKMSENS,Ultimate Protection - WL - Microsoft 365 seat (unlimited Acronis Hosted Cloud Storage included1) - G2 - Acronis Cyber Protect Cloud,# Ultimate Microsoft 365 (unlimited Acronis Hosted Cloud Storage included*),9.5,9.03,8.49,7.81,7.19,6.97,6.76,6.62
Solution-based licensing,Ultimate Protection,G2,SUPLMSENS,Ultimate Protection - WL - Google Workspace seat (unlimited Acronis Hosted Cloud Storage included1) - G2 - Acronis Cyber Protect Cloud,# Ultimate Google Workspace (unlimited Acronis Hosted Cloud Storage included*),5.35,5.08,4.78,4.4,4.05,3.93,3.81,3.73
Solution-based licensing,Managed Detection and Response,All,SRS8MSENS,Solution-based Licensing - WL - Managed Detection and Response by Acronis TRU - Partner-level - Standard - Acronis Cyber Protect Cloud,"# Standard In-house MDR Workloads for Solution-Base Licensing, Partner-level (Servers, VMs, Workstations, Hosting Servers)",1.9,1.8,1.7,1.65,1.6,1.55,1.5,1.45
Solution-based licensing,Managed Detection and Response,All,SRS9MSENS,Solution-based Licensing - WL - Managed Detection and Response by Acronis TRU - Partner-level - Advanced - Acronis Cyber Protect Cloud,"# Advanced In-house MDR Workloads for Solution-Base Licensing, Partner-level (Servers, VMs, Workstations, Hosting Servers)",3.2,3.0,2.9,2.8,2.7,2.6,2.5,2.4
Solution-based licensing,Managed Detection and Response,All,SRSVMSENS,Solution-based Licensing - WL - Managed Detection and Response by Acronis TRU - Customer-level - Standard - Acronis Cyber Protect Cloud,"# Standard In-house MDR Workloads for Solution-Base Licensing, Customer-level (Servers, VMs, Workstations, Hosting Servers)",2.4,2.3,2.2,2.15,2.1,2.05,2.0,1.95
Solution-based licensing,Managed Detection and Response,All,SRSWMSENS,Solution-based Licensing - WL - Managed Detection and Response by Acronis TRU - Customer-level - Advanced - Acronis Cyber Protect Cloud,"# Advanced In-house MDR Workloads for Solution-Base Licensing, Customer-level (Servers, VMs, Workstations, Hosting Servers)",3.7,3.5,3.4,3.3,3.2,3.1,3.0,2.9
Solution-based licensing,Managed Detection and Response,All,SRS6MSENS,Solution-based Licensing - WL - Managed Detection and Response - 3rd party - Standard - Acronis Cyber Protect Cloud,"# Standard 3rd Party MDR Workloads for Solution-Base Licensing (Servers, VMs, Workstations, Hosting Servers)",3.2,3.1,3.0,2.9,2.8,2.78,2.75,2.69
Solution-based licensing,Managed Detection and Response,All,SRS7MSENS,Solution-based Licensing - WL - Managed Detection and Response - 3rd party - Advanced - Acronis Cyber Protect Cloud,"# Advanced 3rd Party MDR Workloads for Solution-Base Licensing (Servers, VMs, Workstations, Hosting Servers)",6.4,6.2,6.0,5.8,5.6,5.55,5.5,5.37
Solution-based licensing,Security Awareness Training,All,SBSTFNLOS,Solution-based Licensing - Security Awareness Training (per user) - Acronis Cyber Protect Cloud,# Security Awareness Training for Solution-based Licensing (Users),1.4,1.33,1.24,1.12,1.03,0.99,0.95,0.93
Solution-based licensing,Additional Storage,G1,SPSAMSENS,Solution-based Licensing - Acronis Hosted Storage (per GB) - G1 - Acronis Cyber Protect Cloud,Acronis Cloud Storage at Acronis Datacenter (for Solution-based Licensing overages),0.0435,0.0387,0.0341,0.0286,0.0232,0.0218,0.0209,0.0203
Solution-based licensing,Additional Storage,G2,SPS2MSENS,Solution-based Licensing - Acronis Hosted Storage (per GB) - G2 - Acronis Cyber Protect Cloud,Acronis Cloud Storage at Acronis Datacenter (for Solution-based Licensing overages),0.0546,0.0486,0.0428,0.036,0.0292,0.0274,0.0263,0.0258
Solution-based licensing,Geo-Replication,G1,SPSGMSENS,Solution-based Licensing - Geo-redundant - GB - Acronis Hosted Storage - G1 - Acronis Cyber Protect Cloud 4,Solution-based licensing - Backup Geo-redundant - Acronis Hosted Storage,0.0325,0.0289,0.0254,0.0216,0.0177,0.0166,0.0159,0.0154
Solution-based licensing,Geo-Replication,G1,SRSGMSENS,Solution-based Licensing - Geo-redundant - WL - Microsoft 365 seat (unlimited Acronis Hosted Cloud storage1) - G1 - Acronis Cyber Protect Cloud 4,Solution-based licensing - # Geo-redundant Microsoft 365 seat (unlimited Acronis Hosted Cloud Storage included*),1.73,1.64,1.53,1.38,1.27,1.22,1.17,1.15
Solution-based licensing,Geo-Replication,G1,SQSGMSENS,Solution-based Licensing - Geo-redundant - WL - Google Workspace seat (unlimited Acronis Hosted Cloud storage1) - G1 - Acronis Cyber Protect Cloud 4,Solution-based licensing - # Geo-redundant Google Workspace seat (unlimited Acronis Hosted Cloud Storage included*),1.73,1.64,1.53,1.38,1.27,1.22,1.17,1.15
Solution-based licensing,Disaster Recovery Infrastructure,All,SQSAMSENS,Solution-based Licensing - Disaster Recovery - Acronis Hosted - 1 compute point (per running hour) - Acronis Cyber Protect Cloud,Monthly Compute Point Consumption for BDR/Ultimate,0.06,0.0558,0.0513,0.0462,0.0425,0.0408,0.0388,0.038
Solution-based licensing,Disaster Recovery Infrastructure,All,SQSBMSENS,Solution-based Licensing - Disaster Recovery - Acronis Hosted Public IP address - Acronis Cyber Protect Cloud,Public IPs for BDR/Ultimate,3.0,2.79,2.57,2.31,2.13,2.04,1.94,1.9
Service-based licensing,Endpoint Security,All,SRIAMSENS,Endpoint Detection and Response (EDR) - WL - Acronis Cyber Protect Cloud,"# Endpoint Detection and Response (EDR) Workloads (Servers, VMs, Workstations, Hosting Servers)",1.2,1.12,1.0,0.89,0.76,0.73,0.69,0.68
Service-based licensing,Endpoint Security,All,SRXAMSENS,Extended Detection and Response (XDR) - WL - Acronis Cyber Protect Cloud,"# Extended Detection and Response (XDR) Workloads (Servers, VMs, Workstations, Hosting Servers)",1.8,1.67,1.49,1.33,1.13,1.08,1.03,1.01
Service-based licensing,Endpoint Security,All,SRI8MSENS,Managed Detection and Response (MDR) by Acronis TRU - Partner-level - Standard - WL - Acronis Cyber Protect Cloud,"# In-house MDR Workloads - Standard - Partner-level (Servers, VMs, Workstations, Hosting Servers)",1.9,1.8,1.7,1.65,1.6,1.55,1.5,1.45
Service-based licensing,Endpoint Security,All,SRI9MSENS,Managed Detection and Response (MDR) by Acronis TRU - Partner-level - Advanced - WL - Acronis Cyber Protect Cloud,"# In-house MDR Workloads - Advanced - Partner-level (Servers, VMs, Workstations, Hosting Servers)",3.2,3.0,2.9,2.8,2.7,2.6,2.5,2.4
Service-based licensing,Endpoint Security,All,SRIVMSENS,Managed Detection and Response (MDR) by Acronis TRU - Customer-level - Standard - WL - Acronis Cyber Protect Cloud,"# In-house MDR Workloads - Standard - Customer-level (Servers, VMs, Workstations, Hosting Servers)",2.4,2.3,2.2,2.15,2.1,2.05,2.0,1.95
Service-based licensing,Endpoint Security,All,SRIWMSENS,Managed Detection and Response (MDR) by Acronis TRU - Customer-level - Advanced - WL - Acronis Cyber Protect Cloud,"# In-house MDR Workloads - Advanced - Customer-level (Servers, VMs, Workstations, Hosting Servers)",3.7,3.5,3.4,3.3,3.2,3.1,3.0,2.9
Service-based licensing,Endpoint Security,All,SRI6MSENS,Managed Detection and Response (MDR) - 3rd party - Standard - WL - Acronis Cyber Protect Cloud,"# 3rd Party MDR Workloads - Standard (Servers, VMs, Workstations, Hosting Servers)",3.2,3.1,3.0,2.9,2.8,2.78,2.75,2.69
Service-based licensing,Endpoint Security,All,SRI7MSENS,Managed Detection and Response (MDR) - 3rd party - Advanced - WL - Acronis Cyber Protect Cloud,"# 3rd Party MDR Workloads - Advanced (Servers, VMs, Workstations, Hosting Servers)",6.4,6.2,6.0,5.8,5.6,5.55,5.5,5.37
Service-based licensing,Endpoint Security,All,SRIUMSENS,GenAI Protection - WL - Acronis Cyber Protect Cloud,# Gen AI Protection Workloads,1.0,0.94,0.89,0.84,0.76,0.73,0.69,0.68
Service-based licensing,Endpoint Security,All,SRI5MSENS,Data Loss Prevention (DLP) - Endpoint - Acronis Cyber Protect Cloud,"# Data Loss Prevention Workloads (Servers, VMs, Workstations, Hosting Servers)",2.5,2.33,2.14,1.93,1.78,1.71,1.62,1.59
Service-based licensing,M365 and SaaS Security,All,SO4AMSENS,Email Security - User - Acronis Cyber Protect Cloud,# Email Security Users,2.4,2.33,2.26,2.15,2.04,1.96,1.88,1.84
Service-based licensing,M365 and SaaS Security,All,SO6AMSENS,Collaboration Security for Microsoft 365 - User - Acronis Cyber Protect Cloud,# Collaboration Security Users,1.3,1.26,1.22,1.16,1.1,1.06,1.02,1.0
Service-based licensing,M365 and SaaS Security,All,SRMAMSENS,Security Posture Management - Microsoft 365 seat - Acronis Cyber Protect Cloud,# SaaS Security Posture Management Workloads (Microsoft 365 Seats),1.2,1.16,1.13,1.07,1.02,0.98,0.94,0.92
Service-based licensing,Security Awareness Training,All,SBATFNLOS,Security Awareness Training - User - Acronis Cyber Protect Cloud,# Security Awareness Training (Users),1.4,1.33,1.24,1.12,1.03,0.99,0.95,0.93
Service-based licensing,Remote Monitoring and Management,All,SRHAMSENS,Remote Monitoring and Management (RMM) - Endpoint - Acronis Cyber Protect Cloud,"# Remote Monitoring and Management (RMM) Workloads (Servers, VMs, Workstations, Hosting Servers)",1.9,1.77,1.56,1.36,1.13,1.08,1.03,1.01
Service-based licensing,Professional Services Automation,All,SQACMSENS,Professional Services Automation (PSA) - User - Acronis Cyber Protect Cloud,# Professional Services Automation (PSA) users (3 minimum),50.0,48.0,46.0,44.0,42.0,41.0,40.0,39.0
Service-based licensing,Backup,All,SPEAMSENS,Backup - WL - Server - Acronis Cyber Protect Cloud,# Physical Servers,25.0,22.75,19.79,17.61,15.85,15.22,14.61,14.03
Service-based licensing,Backup,All,SPD5MSENS,Backup - WL - NAS - Acronis Cyber Protect Cloud,# Network Attached Storage,17.0,15.47,13.46,11.98,10.78,10.35,9.94,9.54
Service-based licensing,Backup,All,SPFAMSENS,Backup - WL - VM - Acronis Cyber Protect Cloud,# Virtual Machines,8.8,8.01,6.97,6.2,5.58,5.36,5.15,4.94
Service-based licensing,Backup,All,SPGAMSENS,Backup - WL - Workstation - Acronis Cyber Protect Cloud,# Workstations,4.1,3.73,3.25,2.89,2.6,2.5,2.4,2.3
Service-based licensing,Backup,All,SQ7AMSENS,Backup - WL - Hosting Server - Acronis Cyber Protect Cloud,# Hosting Servers,4.5,4.1,3.57,3.18,2.86,2.75,2.64,2.53
Service-based licensing,Backup,G1,SRJAMSENS,Backup - WL - Microsoft 365 seat (with unlimited Acronis Hosted Cloud storage1) - G1 - Acronis Cyber Protect Cloud,# Microsoft 365 Seats (unlimited Acronis Hosted Cloud Storage included*),2.4,2.28,2.12,1.91,1.76,1.69,1.62,1.59
Service-based licensing,Backup,G2,SRJ2MSENS,Backup - WL - Microsoft 365 seat (with unlimited Acronis Hosted Cloud storage1) - G2 - Acronis Cyber Protect Cloud,# Microsoft 365 Seats (unlimited Acronis Hosted Cloud Storage included*),3.22,3.06,2.85,2.57,2.36,2.27,2.18,2.14
Service-based licensing,Backup,All,SRAAMSENS,Backup - WL - Microsoft 365 seat (for SP/Customer/Azure/Google Hosted storage) - Acronis Cyber Protect Cloud,# Microsoft 365 Seats (for SP/Customer/Azure/Google Hosted Storage),1.45,1.35,1.24,1.05,0.86,0.79,0.751,0.736
Service-based licensing,Backup,All,SRJEMSENS,Backup - WL - Microsoft Entra ID seat (with unlimited Acronis Hosted Cloud storage1) - Acronis Cyber Protect Cloud2,# Entra ID Seats (unlimited Acronis Hosted Cloud Storage included*),0.6,0.57,0.53,0.49,0.45,0.43,0.41,0.4
Service-based licensing,Backup,All,SRAEMSENS,Backup - WL - Microsoft Entra ID seat (for SP/Azure/Google Hosted storage) - Acronis Cyber Protect Cloud2,# Entra ID Seats (for SP/Azure/Google Hosted Storage),0.36,0.34,0.31,0.27,0.23,0.21,0.2,0.19
Service-based licensing,Backup,G1,SQ8AMSENS,Backup - WL - Google Workspace seat (with unlimited Acronis Hosted Cloud storage1) - G1 - Acronis Cyber Protect Cloud,# Google Workspace Seats (unlimited Acronis Hosted Cloud Storage included*),2.4,2.28,2.12,1.91,1.76,1.69,1.62,1.59
Service-based licensing,Backup,G2,SQ82MSENS,Backup - WL - Google Workspace seat (with unlimited Acronis Hosted Cloud storage1) - G2 - Acronis Cyber Protect Cloud,# Google Workspace Seats (unlimited Acronis Hosted Cloud Storage included*),3.22,3.06,2.85,2.57,2.36,2.27,2.18,2.14
Service-based licensing,Backup,All,SQBPMSENS,Backup - WL - Google Workspace seat (for SP/Azure/Google Hosted storage) - Acronis Cyber Protect Cloud,# Google Workspace Seats (for SP/Azure/Google Hosted Storage),1.45,1.35,1.24,1.05,0.86,0.79,0.751,0.736
Service-based licensing,Backup,All,SRBAMSENS,Backup - WL - Mobile - Acronis Cyber Protect Cloud,# Mobile Devices,1.0,0.92,0.83,0.68,0.56,0.54,0.52,0.5
Service-based licensing,Backup,G1,SPDAMSENS,Backup - WL - Acronis Hosted Storage for per Workload model (per GB) - G1 - Acronis Cyber Protect Cloud,Acronis Cloud Storage at Acronis Datacenter (for Per Workload model),0.0435,0.0387,0.0341,0.0286,0.0232,0.0218,0.0209,0.0203
Service-based licensing,Backup,G2,SPD2MSENS,Backup - WL - Acronis Hosted Storage for per Workload model (per GB) - G2 - Acronis Cyber Protect Cloud,Acronis Cloud Storage at Acronis Datacenter (for Per Workload model),0.0546,0.0486,0.0428,0.036,0.0292,0.0274,0.0263,0.0258
Service-based licensing,Backup,All,SPXAMSENS,Backup - WL - Google Hosted Storage for per Workload model (per GB) - Acronis Cyber Protect Cloud,Acronis Cloud Storage at Azure/Google datacenters (for Per Workload model),0.05,0.0475,0.0442,0.0398,0.0366,0.0351,0.0337,0.033
Service-based licensing,Backup,All,SQ1AMSENS,Backup - WL - Azure Hosted Storage for per Workload model (per GB) - Acronis Cyber Protect Cloud,,0.05,0.0475,0.0442,0.0398,0.0366,0.0351,0.0337,0.033
Service-based licensing,Backup,G1,SPBAMSENS,Backup - GB - Acronis Hosted Storage (per GB) - G1 - Acronis Cyber Protect Cloud,Acronis Cloud Storage at Acronis Datacenter (for Per GB model),0.13,0.1157,0.1018,0.0896,0.0833,0.08,0.0768,0.0745
Service-based licensing,Backup,G2,SPB2MSENS,Backup - GB - Acronis Hosted Storage (per GB) - G2 - Acronis Cyber Protect Cloud,Acronis Cloud Storage at Acronis Datacenter (for Per GB model),0.14,0.1246,0.1096,0.0964,0.0868,0.0833,0.08,0.0776
Service-based licensing,Backup,All,SP3AMSENS,Backup - GB - Google Hosted Storage (per GB) - Acronis Cyber Protect Cloud,Acronis Cloud Storage at Azure/Google datacenters (for Per GB model),0.135,0.1283,0.1193,0.1074,0.0988,0.0948,0.091,0.0892
Service-based licensing,Backup,All,SQ2AMSENS,Backup - GB - Azure Hosted Storage (per GB) - Acronis Cyber Protect Cloud,,0.135,0.1283,0.1193,0.1074,0.0988,0.0948,0.091,0.0892
Service-based licensing,Backup,All,SPBBMSENS,Backup - GB - Partner Storage (per GB) - Acronis Cyber Protect Cloud,Cloud - Service Provider Hosted Storage,0.077,0.0685,0.0603,0.0531,0.0478,0.0459,0.0441,0.0428
Service-based licensing,Backup,All,SP4BMSENS,Backup - GB - Customer Storage (per GB) - Acronis Cyber Protect Cloud,Customer Storage,0.065,0.0579,0.051,0.0449,0.0404,0.0388,0.0372,0.0361
Service-based licensing,Backup,All,SPZBMSENS,Backup - GB – Microsoft 365 Backup Storage (per GB) – Microsoft 365 Backup (powered by Microsoft),"Microsoft 365 Backup Storage powered by Microsoft (per GB, for both per GB and per workload models)",0.124,0.1178,0.1096,0.0986,0.0907,0.0871,0.0836,0.0819
Service-based licensing,Backup,G1,SP5AMSENS,Backup - Geo-redundant - GB/WL - Acronis Hosted Storage - G1 - Acronis Cyber Protect Cloud 4,Per GB/Workload model - Backup Geo-redundant - Acronis Hosted Storage,0.0325,0.0289,0.0254,0.0216,0.0177,0.0166,0.0159,0.0154
Service-based licensing,Backup,G1,SRJGMSENS,Backup - Geo-redundant - WL - Microsoft 365 seat (with unlimited Acronis Hosted Cloud storage1) - G1 - Acronis Cyber Protect Cloud 4,Per Workload model - # Geo-redundant Microsoft 365 seat (unlimited Acronis Hosted Cloud Storage included*),1.73,1.64,1.53,1.38,1.27,1.22,1.17,1.15
Service-based licensing,Backup,G1,SQBGMSENS,Backup - Geo-redundant - WL - Google Workspace seat (with unlimited Acronis Hosted Cloud storage1) - G1 - Acronis Cyber Protect Cloud 4,Per Workload model - # Geo-redundant Google Workspace seat (unlimited Acronis Hosted Cloud Storage included*),1.73,1.64,1.53,1.38,1.27,1.22,1.17,1.15
Service-based licensing,Backup,All,SRDUMSENS,Direct Backup to Public Cloud - WL - Server - Acronis Cyber Protect Cloud,"# Direct Backup to Public Cloud, Physical Servers",12.0,10.68,9.18,7.89,7.1,6.82,6.55,6.35
Service-based licensing,Backup,All,SREUMSENS,Direct Backup to Public Cloud - WL - VM - Acronis Cyber Protect Cloud,"# Direct Backup to Public Cloud, Virtual Machines",4.8,4.27,3.67,3.16,2.84,2.73,2.62,2.54
Service-based licensing,Backup,All,SRFUMSENS,Direct Backup to Public Cloud - WL - Workstation - Acronis Cyber Protect Cloud,"# Direct Backup to Public Cloud, Workstations",1.2,1.07,0.92,0.75,0.62,0.56,0.54,0.52
Service-based licensing,Backup,All,SRGUMSENS,Direct Backup to Public Cloud - WL - Hosting Server - Acronis Cyber Protect Cloud,"# Direct Backup to Public Cloud, Hosting Servers",1.2,1.07,0.92,0.75,0.62,0.56,0.54,0.52
Service-based licensing,Disaster Recovery,G1,SVEAMSENS,Disaster Recovery - GB - Acronis Hosted Storage (per GB) - G1 - Acronis Cyber Protect Cloud,Disaster Recovery Cloud Storage - Acronis Hosted,0.07,0.0623,0.0548,0.0482,0.0424,0.0399,0.0383,0.0372
Service-based licensing,Disaster Recovery,G2,SVE2MSENS,Disaster Recovery - GB - Acronis Hosted Storage (per GB) - G2 - Acronis Cyber Protect Cloud,Disaster Recovery Cloud Storage - Acronis Hosted,0.087,0.0774,0.0681,0.0599,0.0527,0.0495,0.0475,0.0461
Service-based licensing,Disaster Recovery,All,SVFAMSENS,Disaster Recovery - GB - Partner Storage (per GB) - Acronis Cyber Protect Cloud,Disaster Recovery Cloud Storage - Service Provider Hosted,0.04,0.0356,0.0313,0.0275,0.0242,0.0227,0.0218,0.0211
Service-based licensing,Disaster Recovery,All,SQYAMSENS,Disaster Recovery - GB - Acronis Hosted - 1 compute point (per running hour) - Acronis Cyber Protect Cloud,Monthly Compute Point Consumption (tests),0.06,0.0558,0.0513,0.0462,0.0425,0.0408,0.0388,0.038
Service-based licensing,Disaster Recovery,All,SEDAMSENS,Disaster Recovery - GB - Acronis Hosted Public IP address - Acronis Cyber Protect Cloud,Public IPs,3.0,2.79,2.57,2.31,2.13,2.04,1.94,1.9
Service-based licensing,Disaster Recovery,All,SEHAMSENS,Disaster Recovery – WL - DR and Direct Backup to Azure - Acronis Cyber Protect Cloud,# DR and Direct Backup to Azure workloads,14.0,13.02,11.98,10.9,10.14,9.73,9.24,9.06
Service-based licensing,Email Archiving,G1,SHJAMSENS,Email Archiving - WL - Microsoft 365 seat (with unlimited Acronis Hosted Cloud storage1) - G1 - Acronis Cyber Protect Cloud,# Microsoft 365 Archiving Seats (with unlimited Acronis Hosted Cloud storage*),1.25,1.19,1.12,1.03,0.96,0.92,0.88,0.862
Service-based licensing,Email Archiving,G2,SHJ2MSENS,Email Archiving - WL - Microsoft 365 seat (with unlimited Acronis Hosted Cloud storage1) - G2 - Acronis Cyber Protect Cloud,# Microsoft 365 Archiving Seats (with unlimited Acronis Hosted Cloud storage*),1.7,1.62,1.52,1.4,1.3,1.248,1.2,1.176
Service-based licensing,Email Archiving,All,SHAAMSENS,Email Archiving - WL - Microsoft 365 seat (for SP/Azure/Google Hosted storage) - Acronis Cyber Protect Cloud,# Microsoft 365 Archiving Seats (for SP/Azure/Google Hosted storage),0.83,0.79,0.74,0.68,0.63,0.605,0.58,0.568
Service-based licensing,Email Archiving,All,SHXAMSENS,Email Archiving - WL - Google Hosted Storage for per Workload model (per GB) - Acronis Cyber Protect Cloud,Acronis Cloud Storage for Email Archiving at Azure/Google datacenters (for Per Workload model),0.05,0.0475,0.0442,0.0398,0.0366,0.0351,0.0337,0.033
Service-based licensing,Email Archiving,All,SH1AMSENS,Email Archiving - WL - Azure Hosted Storage for per Workload model (per GB) - Acronis Cyber Protect Cloud,,0.05,0.0475,0.0442,0.0398,0.0366,0.0351,0.0337,0.033
Service-based licensing,Email Archiving,G1,SHBAMSENS,Email Archiving - GB - Acronis Hosted Storage (per GB) - G1 - Acronis Cyber Protect Cloud,Acronis Cloud Storage for Email Archiving at Acronis Datacenter (for Per GB model),0.12,0.1068,0.094,0.0855,0.0795,0.0771,0.074,0.0718
Service-based licensing,Email Archiving,G2,SHB2MSENS,Email Archiving - GB - Acronis Hosted Storage (per GB) - G2 - Acronis Cyber Protect Cloud,Acronis Cloud Storage for Email Archiving at Acronis Datacenter (for Per GB model),0.13,0.1157,0.1018,0.0926,0.0861,0.0835,0.0802,0.0778
Service-based licensing,Email Archiving,All,SHBBMSENS,Email Archiving - GB - Partner Storage (per GB) - Acronis Cyber Protect Cloud,Email Archiving Cloud Storage - Service Provider Hosted,0.072,0.0641,0.0564,0.0513,0.0477,0.0463,0.0444,0.0431
Service-based licensing,Email Archiving,All,SH3AMSENS,Email Archiving - GB - Google Hosted Storage (per GB) - Acronis Cyber Protect Cloud,Acronis Cloud Storage for Email Archiving at Azure/Google datacenters (for Per GB model),0.121,0.115,0.107,0.0963,0.0886,0.0851,0.0817,0.0801
Service-based licensing,Email Archiving,All,SH2AMSENS,Email Archiving - GB - Azure Hosted Storage (per GB) - Acronis Cyber Protect Cloud,,0.121,0.115,0.107,0.0963,0.0886,0.0851,0.0817,0.0801
Cyber Frame,,All,SFLAMSENS,Cyber Frame Local - 1 Physical CPU Core - Acronis Cyber Protect Cloud,"# Physical Cores, Standard Support Included",10.5,10.0,9.6,9.0,8.2,7.5,6.9,6.5
Cyber Frame,,All,SFCAMSENS,"Cyber Frame Cloud - vCPU, consumed vCPU, per month3 - Acronis Cyber Protect Cloud 4",# Used Standard vCPUs,9.22,8.78,8.43,7.9,7.2,6.59,6.06,5.71
Cyber Frame,,All,SFCRMSENS,"Cyber Frame Cloud - RAM, consumed GB, per month3 - Acronis Cyber Protect Cloud 4",# GB of used Standard RAM,2.88,2.74,2.63,2.47,2.25,2.06,1.89,1.78
Cyber Frame,,All,SFCHMSENS,"Cyber Frame Cloud - Block Storage, consumed GB, per month3 - Acronis Cyber Protect Cloud 4",Cyber Frame Cloud Block Storage,0.1146,0.1091,0.1047,0.0982,0.0895,0.0819,0.0753,0.0709
Cyber Frame,,All,SFCIMSENS,"Cyber Frame Cloud - Public Floating IPv4, allocated IP addresses, per month3 - Acronis Cyber Protect Cloud 4",# Public IPs for Cyber Frame Cloud,3.0,2.79,2.57,2.31,2.13,2.04,1.94,1.9
Cyber Frame,,All,SFCWMSENS,"Cyber Frame Cloud - Windows Server License, per licensed vCPU, per month3 - Acronis Cyber Protect Cloud 4",# Windows Licenses (per licensed vCPU),11.5,11.0,10.5,10.0,9.5,9.0,8.5,8.0
Cyber Workspace,,G1,SWWAMSENS,Cyber Workspace - Cyber Employee - Agent - Acronis Cyber Protect Cloud 4,# Cyber Employee Agents,12.0,11.69,11.45,11.2,10.96,10.72,10.48,10.24
Cyber Workspace,,G1,SWWBMSENS,Cyber Workspace - Cyber Employee - Usage Unit - Acronis Cyber Protect Cloud 4,# Cyber Employee Usage Units,1.0,0.97,0.95,0.93,0.91,0.89,0.87,0.85
Files Sync & Share,,All,SPIAMSENS,Files Sync & Share - User (per user) - Acronis Cyber Files Cloud,# of Cyber Files Users,1.7,1.51,1.36,1.12,0.99,0.93,0.89,0.85
Files Sync & Share,,G1,SUVAMSENS,Files Sync & Share - User - Acronis Hosted Storage (per GB) - G1 - Acronis Cyber Files Cloud,Cyber Files Cloud Acronis Hosted Storage (for per User Model),0.0435,0.0387,0.0341,0.0286,0.0232,0.0218,0.0209,0.0203
Files Sync & Share,,G2,SUV2MSENS,Files Sync & Share - User - Acronis Hosted Storage (per GB) - G2 - Acronis Cyber Files Cloud,Cyber Files Cloud Acronis Hosted Storage (for per User Model),0.0546,0.0486,0.0428,0.036,0.0292,0.0274,0.0263,0.0258
Files Sync & Share,,G1,SP1AMSENS,Files Sync & Share - GB - Acronis Hosted Storage (per GB) - G1 - Acronis Cyber Files Cloud,Cyber Files Cloud Acronis Hosted Storage (for per GB Model),0.124,0.1104,0.0972,0.0885,0.0832,0.0799,0.0767,0.0744
Files Sync & Share,,G2,SP12MSENS,Files Sync & Share - GB - Acronis Hosted Storage (per GB) - G2 - Acronis Cyber Files Cloud,Cyber Files Cloud Acronis Hosted Storage (for per GB Model),0.134,0.1193,0.105,0.0956,0.0899,0.0863,0.0828,0.0803
Files Sync & Share,,All,SP2AMSENS,Files Sync & Share - GB - Partner Storage (per GB) - Acronis Cyber Files Cloud,Cyber Files Cloud Service Provider Hosted Storage,0.072,0.0641,0.0564,0.0513,0.0482,0.0463,0.0444,0.0431
Physical Data Shipping,,All,SEGAMSENS,"Physical Data Shipping to Cloud, 1 disk - Acronis Cyber Protect Cloud",,99.0,99.0,99.0,99.0,99.0,99.0,99.0,99.0
Cyber Infrastructure,,All,SCVAMSENS,SPLA - Acronis Cyber Infrastructure (per GB),Storage Required for S3/iSCSI/NFS/Compute (Per GB),0.015,0.0134,0.0118,0.0104,0.0094,0.009,0.0086,0.0083
